PartnerContactID,Voornaam,Achternaam,Functie,Email,Telnr
1,Noa,Visser,Inkoop,contact1@bedrijf.nl,669924498
2,Lucas,de Vries,Administratie,contact2@bedrijf.nl,689686747
3,Emma,Visser,Logistiek,contact3@bedrijf.nl,624885244
4,Jan,Visser,Verkoop,contact4@bedrijf.nl,662074124
5,Lucas,de Vries,Logistiek,contact5@bedrijf.nl,655991369
6,Lucas,Smit,Inkoop,contact6@bedrijf.nl,603252029
7,Sara,Meijer,Administratie,contact7@bedrijf.nl,629070141
8,Noa,Meijer,Logistiek,contact8@bedrijf.nl,638215233
9,Lucas,Kok,Administratie,contact9@bedrijf.nl,648320208
10,Jan,Visser,Inkoop,contact10@bedrijf.nl,679994697
11,Jan,Bakker,Administratie,contact11@bedrijf.nl,669859383
12,Lucas,Visser,Logistiek,contact12@bedrijf.nl,682676110
13,Noa,de Vries,Verkoop,contact13@bedrijf.nl,634473701
14,Liam,Bakker,Administratie,contact14@bedrijf.nl,644654404
15,Sophie,van Dijk,Inkoop,contact15@bedrijf.nl,651922878
16,Noa,Peters,Verkoop,contact16@bedrijf.nl,620565255
17,Lucas,Meijer,Inkoop,contact17@bedrijf.nl,642958362
18,Liam,Jansen,Verkoop,contact18@bedrijf.nl,622068434
19,Ali,Meijer,Inkoop,contact19@bedrijf.nl,669373536
20,Noa,Visser,Administratie,contact20@bedrijf.nl,610886182
21,Ali,de Vries,Administratie,contact21@bedrijf.nl,660116690
22,Lucas,de Vries,Administratie,contact22@bedrijf.nl,644791955
23,Sophie,Kok,Verkoop,contact23@bedrijf.nl,668428676
24,Emma,Vos,Inkoop,contact24@bedrijf.nl,669168025
25,Sophie,Smit,Inkoop,contact25@bedrijf.nl,614072606
26,Lotte,Jansen,Administratie,contact26@bedrijf.nl,689908801
27,Lotte,Meijer,Inkoop,contact27@bedrijf.nl,635260892
28,Ali,Visser,Verkoop,contact28@bedrijf.nl,680118646
29,Liam,Visser,Logistiek,contact29@bedrijf.nl,636956909
30,Lucas,Smit,Logistiek,contact30@bedrijf.nl,609039608
